{"arquitecture": "B", "trainable_params": 166039, "non_trainable_params": 0, "accuracy_history": [0.1433904767036438, 0.1423238068819046, 0.14468571543693542, 0.1396571397781372, 0.14182856678962708, 0.14251428842544556, 0.144457146525383, 0.14057143032550812, 0.14026667177677155, 0.14548571407794952, 0.14598095417022705, 0.1433904767036438, 0.14681904017925262, 0.14095237851142883, 0.1459047645330429, 0.14274285733699799, 0.14220952987670898, 0.14140953123569489, 0.14228571951389313, 0.14076191186904907, 0.14651428163051605, 0.14201904833316803, 0.14388571679592133, 0.1411428600549698, 0.14262856543064117, 0.14293333888053894, 0.14506666362285614, 0.1409904807806015, 0.1439238041639328, 0.14377142488956451, 0.14754286408424377, 0.15546666085720062, 0.15664762258529663, 0.18960000574588776, 0.27009522914886475, 0.3310857117176056, 0.3572952449321747, 0.376152366399765, 0.4041142761707306, 0.4268190562725067, 0.4487999975681305, 0.47504761815071106, 0.49542856216430664, 0.5177524089813232, 0.5472381114959717, 0.5701714158058167, 0.5975238084793091, 0.621485710144043, 0.646133303642273, 0.6729523539543152, 0.6983619332313538, 0.7177143096923828, 0.7364952564239502, 0.7577142715454102, 0.7715428471565247, 0.7866666913032532, 0.803428590297699, 0.8170285820960999, 0.8253333568572998, 0.8363428711891174, 0.8451809287071228, 0.8531428575515747, 0.8591238260269165, 0.8670095205307007, 0.8722285628318787, 0.8757333159446716, 0.8798476457595825, 0.8852571249008179, 0.8880761861801147, 0.8956571221351624, 0.8969143033027649, 0.8973714113235474, 0.9034285545349121, 0.9047619104385376, 0.9121524095535278, 0.9108571410179138, 0.9115428328514099, 0.9160000085830688, 0.9181714057922363, 0.9217904806137085, 0.9213714003562927, 0.9253333210945129, 0.9246857166290283, 0.9293714165687561, 0.9308571219444275, 0.930819034576416, 0.9332952499389648, 0.9319999814033508, 0.9345523715019226, 0.938704788684845, 0.93699049949646, 0.939466655254364, 0.940838098526001, 0.9420571327209473, 0.9425143003463745, 0.9433904886245728, 0.9446476101875305, 0.9449523687362671, 0.9449142813682556, 0.9459047913551331], "loss_history": [1.9873239994049072, 1.9560356140136719, 1.9556353092193604, 1.9539875984191895, 1.957499384880066, 1.9537384510040283, 1.9530484676361084, 1.9531052112579346, 1.9525179862976074, 1.9524480104446411, 1.953334927558899, 1.9541025161743164, 1.9528355598449707, 1.954172134399414, 1.9524470567703247, 1.953441858291626, 1.9529399871826172, 1.9531333446502686, 1.9535051584243774, 1.9527653455734253, 1.9519013166427612, 1.9525996446609497, 1.9516690969467163, 1.9560508728027344, 1.9548194408416748, 1.9544079303741455, 1.9511971473693848, 1.951359510421753, 1.9518325328826904, 1.9519636631011963, 1.9488071203231812, 1.9452486038208008, 1.9425654411315918, 1.9223051071166992, 1.819653868675232, 1.707977056503296, 1.6579374074935913, 1.6155617237091064, 1.5594046115875244, 1.4995042085647583, 1.4491397142410278, 1.39396333694458, 1.3430333137512207, 1.2867954969406128, 1.2232766151428223, 1.1735899448394775, 1.1112842559814453, 1.0488669872283936, 0.9848694205284119, 0.9198642373085022, 0.8536646366119385, 0.8067299127578735, 0.7523937225341797, 0.694352924823761, 0.6549878120422363, 0.6163432598114014, 0.5732766389846802, 0.5387575626373291, 0.5075922608375549, 0.47856616973876953, 0.4571932554244995, 0.43154093623161316, 0.41767027974128723, 0.3957332968711853, 0.38092750310897827, 0.3661430776119232, 0.35516268014907837, 0.3407849371433258, 0.32776957750320435, 0.3090674579143524, 0.3072285056114197, 0.29449766874313354, 0.28535860776901245, 0.2781083583831787, 0.25815272331237793, 0.2626267373561859, 0.2571442425251007, 0.24508123099803925, 0.24173811078071594, 0.23535268008708954, 0.22568167746067047, 0.22221554815769196, 0.21741822361946106, 0.20723865926265717, 0.2015909105539322, 0.20073218643665314, 0.19193582236766815, 0.1972653716802597, 0.18960250914096832, 0.17971134185791016, 0.18257413804531097, 0.17612452805042267, 0.1727946251630783, 0.17043748497962952, 0.162900909781456, 0.16393516957759857, 0.16019010543823242, 0.16100403666496277, 0.15827128291130066, 0.15530401468276978], "labels": [0, 1, 2, 3, 4, 5, 6], "train_metrics": {"accuracy": 0.9854857142857143, "recall": 0.9854857142857143, "precision": 0.9854857142857143, "f1_score": 0.9854857142857143, "mcc": 0.9830737811288518, "confusion_matrix": [[3658, 2, 36, 18, 8, 3, 22], [5, 3663, 7, 38, 7, 20, 0], [3, 20, 3722, 33, 1, 1, 1], [5, 11, 29, 3667, 23, 21, 0], [3, 12, 6, 18, 3709, 2, 0], [0, 1, 6, 14, 0, 3749, 0], [2, 1, 1, 1, 0, 0, 3701]]}, "test_metrics": {"accuracy": 0.9448, "recall": 0.9448, "precision": 0.9448, "f1_score": 0.9448, "mcc": 0.9356378439580537, "confusion_matrix": [[1178, 14, 23, 17, 11, 5, 5], [12, 1144, 29, 45, 6, 22, 2], [17, 29, 1124, 40, 4, 5, 0], [12, 20, 24, 1160, 16, 12, 0], [9, 19, 13, 29, 1177, 3, 0], [0, 10, 6, 10, 0, 1202, 2], [4, 4, 2, 0, 2, 0, 1282]], "roc_auc_score": 0.9968008310121422}, "total_time": 325.5463, "dataset": "X_train_esm1b.csv", "encoding": "esm1b", "epochs": 100}