{"arquitecture": "A", "trainable_params": 166039, "non_trainable_params": 0, "accuracy_history": [0.1417904794216156, 0.14091429114341736, 0.14449523389339447, 0.14129523932933807, 0.14342856407165527, 0.16297142207622528, 0.6254476308822632, 0.7772952318191528, 0.8313142657279968, 0.8645714521408081, 0.8832761645317078, 0.8982475996017456, 0.9129142761230469, 0.9220952391624451, 0.928342878818512, 0.9350095391273499, 0.9417904615402222, 0.9457523822784424, 0.9495999813079834, 0.9551619291305542, 0.9572952389717102, 0.9596190452575684, 0.9637333154678345, 0.9673523902893066, 0.9681904911994934, 0.9700190424919128, 0.9710857272148132, 0.9724571704864502, 0.974133312702179, 0.9749714136123657, 0.9768000245094299, 0.9766095280647278, 0.979200005531311, 0.9800381064414978, 0.9803809523582458, 0.9798856973648071, 0.983047604560852, 0.9795809388160706, 0.984076201915741, 0.9832761883735657, 0.984076201915741, 0.9855619072914124, 0.9819047451019287, 0.9852190613746643, 0.9842666387557983, 0.9858666658401489, 0.9859047532081604, 0.9868571162223816, 0.9859428405761719, 0.9855619072914124, 0.987923800945282, 0.985790491104126, 0.9878095388412476, 0.9853714108467102, 0.9880762100219727, 0.987923800945282, 0.9883428812026978, 0.987923800945282, 0.9902856945991516, 0.9878857135772705, 0.9899047613143921, 0.9871237874031067, 0.9902856945991516, 0.9894475936889648, 0.9887238144874573, 0.9890666604042053, 0.9897904992103577, 0.9887999892234802, 0.9920762181282043, 0.9908190369606018, 0.9869714379310608, 0.9895238280296326, 0.9910476207733154, 0.9913904666900635, 0.9929524064064026, 0.9872000217437744, 0.9915047883987427, 0.9909714460372925, 0.9886857271194458, 0.9934476017951965, 0.9916190505027771, 0.9902856945991516, 0.9903237819671631, 0.989219069480896, 0.9915428757667542, 0.9913142919540405, 0.9910857081413269, 0.9911999702453613, 0.9920380711555481, 0.9925333261489868, 0.991771399974823, 0.991428554058075, 0.9915047883987427, 0.9913904666900635, 0.9933333396911621, 0.9902476072311401, 0.9938666820526123, 0.9940571188926697, 0.9892571568489075, 0.9923809766769409], "loss_history": [1.9567914009094238, 1.952845573425293, 1.9527360200881958, 1.9546513557434082, 1.9543683528900146, 1.9407111406326294, 1.0492480993270874, 0.6635400056838989, 0.5107295513153076, 0.4199145436286926, 0.3618980348110199, 0.31301283836364746, 0.272288054227829, 0.24622781574726105, 0.22267954051494598, 0.2037629783153534, 0.1807776838541031, 0.16753195226192474, 0.15198445320129395, 0.1409483104944229, 0.13101065158843994, 0.1239107996225357, 0.1130232959985733, 0.10315944254398346, 0.0982336476445198, 0.09484004974365234, 0.0896548256278038, 0.08617104589939117, 0.07918822765350342, 0.07636496424674988, 0.07222083956003189, 0.071038618683815, 0.06509966403245926, 0.06180410459637642, 0.060824934393167496, 0.060381583869457245, 0.054185934364795685, 0.06066996231675148, 0.04919104278087616, 0.050637386739254, 0.05046040564775467, 0.046498388051986694, 0.05357005074620247, 0.045429665595293045, 0.04769701510667801, 0.04399734362959862, 0.04386058822274208, 0.04076825827360153, 0.04245948791503906, 0.043665021657943726, 0.03610055893659592, 0.041750553995370865, 0.0349721759557724, 0.04200242459774017, 0.03787736967206001, 0.036807574331760406, 0.03409672528505325, 0.036205898970365524, 0.03239098936319351, 0.03653404116630554, 0.02982145920395851, 0.03628747910261154, 0.03034910000860691, 0.030355805531144142, 0.03516051545739174, 0.032121118158102036, 0.029191453009843826, 0.03254938870668411, 0.025151468813419342, 0.027592768892645836, 0.03608523681759834, 0.030498512089252472, 0.026118841022253036, 0.02665175497531891, 0.02237987518310547, 0.03688942641019821, 0.02566681243479252, 0.027916761115193367, 0.03236998990178108, 0.020252980291843414, 0.026810916140675545, 0.02740594558417797, 0.027423419058322906, 0.030139531940221786, 0.023967910557985306, 0.025097869336605072, 0.02534482628107071, 0.025633951649069786, 0.02182600274682045, 0.022537468001246452, 0.023515639826655388, 0.026264501735568047, 0.02523481845855713, 0.025713294744491577, 0.019049646332859993, 0.028351644054055214, 0.019047055393457413, 0.017916204407811165, 0.03015269711613655, 0.022607281804084778], "labels": [0, 1, 2, 3, 4, 5, 6], "train_metrics": {"accuracy": 0.9738666666666667, "recall": 0.9738666666666667, "precision": 0.9738666666666667, "f1_score": 0.9738666666666667, "mcc": 0.9697019629254655, "confusion_matrix": [[3653, 10, 43, 6, 12, 5, 16], [3, 3662, 72, 5, 9, 17, 0], [0, 1, 3772, 1, 0, 2, 0], [24, 20, 191, 3498, 55, 17, 1], [7, 13, 40, 31, 3606, 2, 0], [2, 4, 46, 6, 0, 3671, 0], [4, 3, 12, 1, 4, 1, 3702]]}, "test_metrics": {"accuracy": 0.9051428571428571, "recall": 0.9051428571428571, "precision": 0.9051428571428571, "f1_score": 0.9051428571428571, "mcc": 0.8901534007108508, "confusion_matrix": [[1115, 28, 67, 13, 17, 7, 8], [14, 1056, 102, 14, 26, 18, 2], [13, 20, 1162, 8, 14, 5, 2], [22, 52, 115, 942, 47, 13, 3], [17, 18, 42, 25, 1193, 2, 4], [4, 17, 20, 15, 7, 1207, 1], [7, 2, 10, 1, 7, 1, 1245]], "roc_auc_score": 0.9911470882795124}, "total_time": 313.9971, "dataset": "X_train_esm1b.csv", "encoding": "esm1b", "epochs": 100}