{"arquitecture": "C", "trainable_params": 177927, "non_trainable_params": 0, "accuracy_history": [0.13996189832687378, 0.14266666769981384, 0.14053332805633545, 0.14140953123569489, 0.14270475506782532, 0.14064761996269226, 0.1488380879163742, 0.1439238041639328, 0.1448380947113037, 0.14480000734329224, 0.14140953123569489, 0.14544761180877686, 0.14140953123569489, 0.1411428600549698, 0.14076191186904907, 0.1401904821395874, 0.13916189968585968, 0.1398095190525055, 0.14266666769981384, 0.14308571815490723, 0.14095237851142883, 0.14156191051006317, 0.13695238530635834, 0.1400761902332306, 0.14502857625484467, 0.14137142896652222, 0.14255237579345703, 0.14270475506782532, 0.1436571478843689, 0.1415238082408905, 0.14434285461902618, 0.1424380987882614, 0.1439238041639328, 0.14217142760753632, 0.14015237987041473, 0.14220952987670898, 0.14255237579345703, 0.14377142488956451, 0.14175237715244293, 0.1432380974292755, 0.14491428434848785, 0.14201904833316803, 0.14270475506782532, 0.13950476050376892, 0.13935238122940063, 0.14091429114341736, 0.14064761996269226, 0.1424761861562729, 0.14415238797664642, 0.14159999787807465, 0.1409904807806015, 0.1428571492433548, 0.14518095552921295, 0.14468571543693542, 0.1423238068819046, 0.14346666634082794, 0.14079999923706055, 0.1423238068819046, 0.14266666769981384, 0.14038094878196716, 0.1412571370601654, 0.14091429114341736, 0.1391238123178482, 0.14380952715873718, 0.14121904969215393, 0.14236190915107727, 0.14540952444076538, 0.14316190779209137, 0.14053332805633545, 0.14274285733699799, 0.14434285461902618, 0.14076191186904907, 0.1379428505897522, 0.14316190779209137, 0.1388571411371231, 0.14190475642681122, 0.14266666769981384, 0.14354285597801208, 0.1452571451663971, 0.14083810150623322, 0.1443047672510147, 0.1431238055229187, 0.14521904289722443, 0.14121904969215393, 0.14377142488956451, 0.14399999380111694, 0.13851428031921387, 0.14106667041778564, 0.14361904561519623, 0.14278095960617065, 0.1398095190525055, 0.14358095824718475, 0.14239999651908875, 0.14064761996269226, 0.1408761888742447, 0.14438095688819885, 0.14213334023952484, 0.14251428842544556, 0.1424761861562729, 0.1399238109588623], "loss_history": [1.9530534744262695, 1.9464397430419922, 1.9464111328125, 1.9464749097824097, 1.9464267492294312, 1.946444034576416, 1.9462502002716064, 1.9462891817092896, 1.9461263418197632, 1.9462062120437622, 1.9462305307388306, 1.946097493171692, 1.9461355209350586, 1.946082592010498, 1.9460856914520264, 1.946065068244934, 1.9461784362792969, 1.946109652519226, 1.946056842803955, 1.9460803270339966, 1.9461137056350708, 1.946123480796814, 1.946074366569519, 1.9460773468017578, 1.9460638761520386, 1.9462329149246216, 1.9460387229919434, 1.946079969406128, 1.9460943937301636, 1.946079969406128, 1.9460710287094116, 1.9460617303848267, 1.946094036102295, 1.946077585220337, 1.94612455368042, 1.946083664894104, 1.9460904598236084, 1.9460805654525757, 1.9460684061050415, 1.9461265802383423, 1.946060299873352, 1.9460290670394897, 1.9460911750793457, 1.9460740089416504, 1.9461333751678467, 1.9460418224334717, 1.9460632801055908, 1.9461088180541992, 1.9460989236831665, 1.9460500478744507, 1.9460941553115845, 1.9461162090301514, 1.9460806846618652, 1.946030855178833, 1.9461348056793213, 1.9460209608078003, 1.9460431337356567, 1.9461044073104858, 1.9460867643356323, 1.946104884147644, 1.9460952281951904, 1.9460937976837158, 1.9461064338684082, 1.946082592010498, 1.946026086807251, 1.9461100101470947, 1.9460731744766235, 1.9460690021514893, 1.9460939168930054, 1.9460946321487427, 1.9461079835891724, 1.946080207824707, 1.9460840225219727, 1.9460639953613281, 1.946123719215393, 1.9460886716842651, 1.9460657835006714, 1.946109414100647, 1.9461010694503784, 1.9460917711257935, 1.9460794925689697, 1.9460957050323486, 1.9460105895996094, 1.946102261543274, 1.9461294412612915, 1.9461007118225098, 1.9460729360580444, 1.946082592010498, 1.9460742473602295, 1.9460575580596924, 1.9460816383361816, 1.946061134338379, 1.9461534023284912, 1.946079134941101, 1.9460920095443726, 1.9460430145263672, 1.9460926055908203, 1.946122646331787, 1.9460880756378174, 1.9460551738739014], "labels": [0, 1, 2, 3, 4, 5, 6], "train_metrics": {"accuracy": 0.1443047619047619, "recall": 0.1443047619047619, "precision": 0.1443047619047619, "f1_score": 0.1443047619047619, "mcc": 0.0, "confusion_matrix": [[0, 0, 0, 3695, 0, 0, 0], [0, 0, 0, 3758, 0, 0, 0], [0, 0, 0, 3797, 0, 0, 0], [0, 0, 0, 3788, 0, 0, 0], [0, 0, 0, 3774, 0, 0, 0], [0, 0, 0, 3700, 0, 0, 0], [0, 0, 0, 3738, 0, 0, 0]]}, "test_metrics": {"accuracy": 0.1385142857142857, "recall": 0.1385142857142857, "precision": 0.1385142857142857, "f1_score": 0.1385142857142857, "mcc": 0.0, "confusion_matrix": [[0, 0, 0, 1305, 0, 0, 0], [0, 0, 0, 1242, 0, 0, 0], [0, 0, 0, 1203, 0, 0, 0], [0, 0, 0, 1212, 0, 0, 0], [0, 0, 0, 1226, 0, 0, 0], [0, 0, 0, 1300, 0, 0, 0], [0, 0, 0, 1262, 0, 0, 0]], "roc_auc_score": 0.5}, "total_time": 462.2367, "dataset": "X_train_esm1b.csv", "encoding": "esm1b", "epochs": 100}